{"cameraMode":{"drawMode":0,"name":"Shaded","section":"Shading Mode"},"sceneLighting":false,"audioPlay":false,"sceneViewState":{"showFog":true,"showMaterialUpdate":false,"showSkybox":false,"showFlares":true,"showImageEffects":true,"showParticleSystems":true},"in2DMode":false,"pivot":{"x":0.010716557502746582,"y":0.041318029165267947,"z":0.3171696960926056},"rotation":{"x":-0.01818023808300495,"y":0.8625029921531677,"z":-0.5047760009765625,"w":-0.031062839552760125},"size":10.0,"orthographic":false}