{"cameraMode":{"drawMode":0,"name":"Shaded","section":"Shading Mode"},"sceneLighting":false,"audioPlay":false,"sceneViewState":{"showFog":true,"showMaterialUpdate":false,"showSkybox":false,"showFlares":true,"showImageEffects":true,"showParticleSystems":true},"in2DMode":false,"pivot":{"x":-52.955501556396487,"y":1.0454611778259278,"z":0.2135000228881836},"rotation":{"x":0.22164471447467805,"y":-0.00819084607064724,"z":0.0018503847531974316,"w":0.9751241207122803},"size":1.340049386024475,"orthographic":true}