{"cameraMode":{"drawMode":0,"name":"Shaded","section":"Shading Mode"},"sceneLighting":false,"audioPlay":false,"sceneViewState":{"showFog":true,"showMaterialUpdate":false,"showSkybox":false,"showFlares":true,"showImageEffects":true,"showParticleSystems":true},"in2DMode":false,"pivot":{"x":-5.650997161865234,"y":0.18651500344276429,"z":1.1686503887176514},"rotation":{"x":-0.25271114706993105,"y":0.16761037707328797,"z":-0.04451111704111099,"w":-0.9518896341323853},"size":10.0,"orthographic":true}