{"cameraMode":{"drawMode":0,"name":"Shaded","section":"Shading Mode"},"sceneLighting":false,"audioPlay":false,"sceneViewState":{"showFog":true,"showMaterialUpdate":false,"showSkybox":false,"showFlares":true,"showImageEffects":true,"showParticleSystems":true},"in2DMode":false,"pivot":{"x":0.22535857558250428,"y":1.4632121324539185,"z":0.3747871518135071},"rotation":{"x":0.29692578315734866,"y":-0.012890659272670746,"z":0.004008741118013859,"w":0.9548050165176392},"size":0.1327824741601944,"orthographic":false}