{"cameraMode":{"drawMode":0,"name":"Shaded","section":"Shading Mode"},"sceneLighting":false,"audioPlay":false,"sceneViewState":{"showFog":true,"showMaterialUpdate":false,"showSkybox":false,"showFlares":true,"showImageEffects":true,"showParticleSystems":true},"in2DMode":false,"pivot":{"x":0.0029973983764648439,"y":0.0003400444984436035,"z":0.0003497600555419922},"rotation":{"x":0.13606320321559907,"y":-0.013970601372420788,"z":0.0019190297462046147,"w":0.9905993938446045},"size":0.4671943783760071,"orthographic":true}