{"cameraMode":{"drawMode":0,"name":"Shaded","section":"Shading Mode"},"sceneLighting":false,"audioPlay":false,"sceneViewState":{"showFog":true,"showMaterialUpdate":false,"showSkybox":false,"showFlares":true,"showImageEffects":true,"showParticleSystems":true},"in2DMode":false,"pivot":{"x":-5.144179821014404,"y":0.10466057807207108,"z":1.148780107498169},"rotation":{"x":0.2903159558773041,"y":-0.12103135138750076,"z":0.03700387105345726,"w":0.9485612511634827},"size":0.25441235303878786,"orthographic":true}