{"cameraMode":{"drawMode":0,"name":"Shaded","section":"Shading Mode"},"sceneLighting":false,"audioPlay":false,"sceneViewState":{"showFog":true,"showMaterialUpdate":false,"showSkybox":false,"showFlares":true,"showImageEffects":true,"showParticleSystems":true},"in2DMode":false,"pivot":{"x":0.40799999237060549,"y":0.22200000286102296,"z":-0.5850000381469727},"rotation":{"x":0.2998060882091522,"y":0.008011266589164734,"z":-0.0025176801718771459,"w":0.953964114189148},"size":0.1567685455083847,"orthographic":true}